{
    "name": "Privapp Network",
    "type": "BEP20",
    "symbol": "PRIVA",
    "decimals": 8,
    "website": "https://privapp.network/",
    "description": "Chain signatures, secret chain transactions and hashed wallet addresses are used to hide sender-recipient addresses and transaction amounts.\nChain signatures are defined as digital contracts that can be signed by all users belonging to a group, who have the key.\nEveryone in the group has the authority to sign, but the identity of the signer is unknown.\nPrivapp offers users everything that a completely decentralized cryptocurrency ecosystem can have, without compromising the concept of privacy, our basic human right.",
    "explorer": "https://bscscan.com/token/0xD0f4afA85a667d27837e9c07c81169869c16Dd16",
    "status": "active",
    "id": "0xD0f4afA85a667d27837e9c07c81169869c16Dd16"
}
