{
    "name": "Privapp Network",
    "website": "https://privapp.network/",
    "description": "Chain signatures, secret chain transactions and hashed wallet addresses are used to hide sender-recipient addresses and transaction amounts.\nChain signatures are defined as digital contracts that can be signed by all users belonging to a group, who have the key.\nEveryone in the group has the authority to sign, but the identity of the signer is unknown.\nPrivapp offers users everything that a completely decentralized cryptocurrency ecosystem can have, without compromising the concept of privacy, our basic human right.",
    "explorer": "https://etherscan.io/token/0xa82e4aa4c8d0859b1dd333145b6dd488f23e9782",
    "type": "ERC20",
    "symbol": "PRIVA",
    "decimals": 8,
    "status": "active",
    "id": "0xa82e4aa4c8d0859b1dd333145b6dd488f23e9782"
}

